case_id,era,total_processing_time_hrs,n_stages_touched,n_events,had_exception,had_rework,had_sla_breach,requested_amount,risk_flag
c12_188825,pre_2012,350.22234722222225,4,32,1,1,1,6000,1
c17_Application_855923572,post_2017,191.43177722222222,4,12,0,0,0,25000.0,0
c12_187334,pre_2012,0.00013638888888888888,2,3,1,0,0,10000,1
c17_Application_1767149478,post_2017,470.78538555555554,4,17,1,1,1,20000.0,1
c12_187304,pre_2012,435.5780227777778,4,26,0,1,0,25000,0
c17_Application_1221068437,post_2017,139.32014416666667,4,12,0,0,0,25000.0,0
c17_Application_1800969554,post_2017,259.8405619444444,4,12,0,0,0,10000.0,0
c12_176185,pre_2012,473.7299291666667,4,22,1,1,0,37000,1
c17_Application_554735160,post_2017,311.12046694444444,4,12,0,0,0,20000.0,0
c12_196506,pre_2012,442.39292527777775,4,28,0,1,0,7500,0
c12_196458,pre_2012,442.8753672222222,4,26,0,1,0,5000,0
c17_Application_603167283,post_2017,217.315,4,12,0,0,0,15000.0,0
c17_Application_111244812,post_2017,233.36547222222222,4,12,0,0,0,0.0,0
c17_Application_703869260,post_2017,20.024265,4,9,1,0,0,15000.0,1
c12_211299,pre_2012,110.73130944444443,1,27,0,1,0,7000,0
c17_Application_269993344,post_2017,341.68407916666666,4,12,0,0,0,5000.0,0
c17_Application_901633533,post_2017,208.71715388888887,4,12,0,0,0,0.0,0
c12_199519,pre_2012,395.95157694444447,4,26,0,1,0,26000,0
c17_Application_520700002,post_2017,216.31881666666666,4,12,0,0,0,0.0,0
c17_Application_1815342522,post_2017,313.5327866666667,4,12,0,0,0,8000.0,0
c17_Application_776906675,post_2017,862.0720477777778,4,14,1,1,1,20000.0,1
c17_Application_295533034,post_2017,238.83676888888888,4,12,0,0,0,7500.0,0
c17_Application_662107856,post_2017,334.9173480555555,4,12,0,0,0,26000.0,0
c17_Application_1818234276,post_2017,77.48254027777777,4,18,1,1,1,5000.0,1
c17_Application_766473476,post_2017,21.68539416666667,4,12,1,1,1,20000.0,1
c12_185506,pre_2012,338.97846888888887,4,28,0,1,0,25000,0
c17_Application_1038569473,post_2017,1.3293219444444444,4,12,0,0,0,0.0,0
c17_Application_438379970,post_2017,527.948368611111,4,24,1,1,1,5000.0,1
c12_193348,pre_2012,732.9952675,2,18,1,1,1,25000,1
c12_180622,pre_2012,554.2261194444445,4,36,0,1,1,13500,1
c12_196299,pre_2012,0.0023022222222222224,2,3,1,0,0,6000,1
c17_Application_627871717,post_2017,344.3671677777778,4,13,0,0,0,60000.0,0
c17_Application_672639635,post_2017,51.27965277777778,4,12,0,0,0,15000.0,0
c12_204155,pre_2012,1145.7196955555555,4,44,1,1,1,40000,1
c17_Application_575581585,post_2017,718.4456163888889,4,15,1,1,1,10000.0,1
c17_Application_1157012064,post_2017,99.69511999999999,4,12,0,0,0,25000.0,0
c17_Application_1427149723,post_2017,21.65208416666667,4,9,1,0,0,10000.0,1
c17_Application_1437733107,post_2017,537.7843461111112,4,22,1,1,1,19000.0,1
c12_177188,pre_2012,261.45049777777774,4,24,1,1,1,8000,1
c17_Application_1906307438,post_2017,337.3650841666667,4,14,1,0,0,15000.0,1
c17_Application_69508445,post_2017,337.87174944444445,4,12,0,0,0,30000.0,0
c17_Application_714861923,post_2017,39.19327638888888,4,9,1,0,1,15000.0,1
c17_Application_1580050868,post_2017,217.56717527777778,4,12,0,0,0,30000.0,0
c12_203681,pre_2012,2.6666666666666667e-05,2,3,1,0,0,3000,1
c12_201015,pre_2012,1245.636281111111,4,57,1,1,1,16000,1
c17_Application_1836857131,post_2017,190.10122944444444,4,12,0,0,0,10000.0,0
c17_Application_852448913,post_2017,788.4215547222223,4,16,1,1,1,6000.0,1
c12_193962,pre_2012,291.27850805555556,4,28,0,1,0,12000,0
c12_199080,pre_2012,17.28289138888889,2,6,1,1,0,5000,1
c12_212611,pre_2012,165.8186163888889,3,22,0,1,0,10000,0
c17_Application_1938026907,post_2017,34.208640555555554,4,9,1,0,0,10000.0,1
c12_209344,pre_2012,0.38960666666666666,2,10,1,1,0,2500,1
c17_Application_786345678,post_2017,220.21410944444446,4,12,0,0,0,5000.0,0
c12_192927,pre_2012,400.430395,4,28,0,1,0,6000,0
c17_Application_721338074,post_2017,255.28099583333335,4,12,0,0,0,10000.0,0
c17_Application_53705750,post_2017,242.12910833333333,4,14,1,0,0,18300.0,1
c17_Application_767700255,post_2017,805.9016688888889,4,20,1,1,1,30000.0,1
c17_Application_376472202,post_2017,2.414124722222222,4,9,1,0,0,15000.0,1
c12_174773,pre_2012,478.6103405555555,4,30,0,1,0,5000,0
c17_Application_1682699832,post_2017,310.34065972222226,4,12,0,0,0,10000.0,0
c17_Application_467208365,post_2017,219.7031763888889,4,12,0,0,0,0.0,0
c12_195800,pre_2012,316.4208311111111,4,24,0,1,0,7500,0
c17_Application_1219727526,post_2017,189.45195166666667,4,12,0,0,0,30000.0,0
c17_Application_2051660661,post_2017,308.2077391666666,4,12,0,0,0,40000.0,0
c17_Application_2026841022,post_2017,691.3383569444445,4,15,1,0,1,10000.0,1
c17_Application_1768009192,post_2017,326.36512138888884,4,12,0,0,0,5000.0,0
c17_Application_551514124,post_2017,330.8688538888889,4,12,0,0,0,15000.0,0
c17_Application_557656772,post_2017,0.0824525,4,9,1,0,0,0.0,1
c12_177974,pre_2012,777.2129041666666,4,48,1,1,1,8000,1
c17_Application_1705590208,post_2017,332.52771,4,17,1,1,0,5000.0,1
c17_Application_957513157,post_2017,192.65200194444446,4,12,0,0,0,26500.0,0
c12_194308,pre_2012,7.027777777777778e-05,2,3,1,0,0,22500,1
c17_Application_1656792289,post_2017,257.65771777777775,4,12,0,0,0,75000.0,0
c17_Application_1046650299,post_2017,363.21052861111116,4,12,0,0,0,25000.0,0
c17_Application_1024774116,post_2017,41.39099833333333,4,10,1,0,0,5000.0,1
c17_Application_1041619039,post_2017,363.1870638888889,4,12,0,0,0,15000.0,0
c17_Application_1058390155,post_2017,1380.8264461111112,4,17,1,1,1,10000.0,1
c12_193174,pre_2012,379.5299605555556,4,34,0,1,0,8500,0
c17_Application_1577651263,post_2017,323.8174802777778,4,12,0,0,0,5000.0,0
c17_Application_1334425086,post_2017,885.1086794444445,4,14,1,0,1,16000.0,1
c17_Application_1063717116,post_2017,0.11808,4,9,1,0,0,20000.0,1
c12_189007,pre_2012,0.48084583333333336,2,6,1,1,0,10000,1
c17_Application_1346402324,post_2017,289.9775491666667,4,16,1,1,0,18000.0,1
c12_199279,pre_2012,430.9510319444445,4,28,0,1,0,12000,0
c12_207566,pre_2012,0.25146972222222225,2,8,1,1,0,6500,1
c12_200046,pre_2012,6.75e-05,2,3,1,0,0,5500,1
c12_198478,pre_2012,1496.1232027777778,4,32,1,1,1,5000,1
c17_Application_824825338,post_2017,39.051158333333326,4,9,1,0,0,15000.0,1
c17_Application_486887709,post_2017,286.8792438888889,4,12,0,0,0,10000.0,0
c17_Application_1908739238,post_2017,288.1973975,4,12,0,0,0,10000.0,0
c17_Application_507784507,post_2017,40.074663333333326,4,12,1,1,1,15000.0,1
c17_Application_677091115,post_2017,0.16827250000000002,4,9,1,0,1,0.0,1
c17_Application_216896195,post_2017,248.71599555555554,4,12,0,0,0,30000.0,0
c12_202974,pre_2012,69.40943694444445,2,20,1,1,0,60000,1
c17_Application_1503772503,post_2017,496.5780197222222,4,12,1,0,1,0.0,1
c17_Application_652440873,post_2017,184.325175,4,12,0,0,0,10000.0,0
c17_Application_903761516,post_2017,351.3834888888889,4,13,1,0,0,20000.0,1
c12_192674,pre_2012,1545.0613119444445,4,44,1,1,1,10000,1
c12_177305,pre_2012,18.357611666666667,2,6,1,1,0,5000,1
c12_180421,pre_2012,1215.6688422222223,4,39,1,1,1,16000,1
c17_Application_758513444,post_2017,179.97202527777776,4,12,1,0,1,12000.0,1
c17_Application_202034308,post_2017,20.763189722222226,4,12,1,1,1,5000.0,1
c17_Application_1820208307,post_2017,1656.6982472222223,4,16,1,1,1,15000.0,1
c17_Application_185048422,post_2017,317.83243500000003,4,14,1,0,0,17000.0,1
c12_179152,pre_2012,541.387385,4,40,1,1,1,12500,1
c17_Application_1883913820,post_2017,213.53923333333333,4,13,0,0,0,8500.0,0
c12_181357,pre_2012,0.6684158333333333,2,6,1,1,0,5000,1
c17_Application_1073389432,post_2017,311.0218177777778,4,12,0,0,0,15000.0,0
c17_Application_2142077264,post_2017,268.1625980555556,4,12,0,0,0,5000.0,0
c17_Application_1419488876,post_2017,259.3048197222222,4,12,0,0,0,7000.0,0
c12_213855,pre_2012,355.9411386111111,3,41,0,1,0,37500,0
c17_Application_1175565050,post_2017,39.811235,4,12,1,1,1,15000.0,1
c17_Application_61083727,post_2017,260.60082388888884,4,12,0,0,0,5000.0,0
c17_Application_422742047,post_2017,448.8332130555556,4,14,1,0,1,20000.0,1
c17_Application_607556337,post_2017,2083.4788905555556,4,21,1,1,1,8500.0,1
c12_188868,pre_2012,9.828760277777777,2,6,1,1,0,10000,1
c12_187699,pre_2012,0.00010194444444444445,2,3,1,0,0,5000,1
c12_186625,pre_2012,620.8919591666667,4,32,1,1,1,8000,1
c17_Application_1475961626,post_2017,892.3267897222222,4,18,1,1,1,9000.0,1
c12_208499,pre_2012,228.16494749999998,4,22,1,1,0,20000,1
c17_Application_1593129209,post_2017,267.54188194444447,4,12,0,0,0,5000.0,0
c12_185674,pre_2012,865.1570052777777,4,37,1,1,1,15000,1
c17_Application_1692002404,post_2017,1651.4369691666666,4,21,1,1,1,23000.0,1
c17_Application_1526587361,post_2017,1285.8783127777779,4,19,1,1,1,50000.0,1
c17_Application_1865318513,post_2017,288.4666652777778,4,12,0,0,0,18000.0,0
c17_Application_183519926,post_2017,837.73843,4,19,1,1,1,15000.0,1
c17_Application_259612643,post_2017,807.298886388889,4,20,1,1,1,5500.0,1
c17_Application_1214035810,post_2017,279.8527466666667,4,12,0,0,0,25000.0,0
c12_185069,pre_2012,755.2510983333333,4,35,1,1,1,22000,1
c17_Application_460180184,post_2017,765.1488319444445,4,28,1,1,1,22000.0,1
c17_Application_407385655,post_2017,195.49719305555556,4,12,0,0,0,40000.0,0
c17_Application_669216192,post_2017,163.09182583333333,4,12,0,0,0,8000.0,0
c17_Application_268190846,post_2017,216.2816636111111,4,12,0,0,0,57000.0,0
c17_Application_2111055752,post_2017,333.7641663888889,4,12,0,0,0,32500.0,0
c17_Application_547763286,post_2017,341.67002444444444,4,12,0,0,0,0.0,0
c17_Application_17871850,post_2017,306.24938499999996,4,12,0,0,0,0.0,0
c17_Application_2143744897,post_2017,96.62196277777778,4,12,0,0,0,7500.0,0
c17_Application_33533430,post_2017,20.849644722222223,4,9,1,0,0,39000.0,1
c17_Application_54944838,post_2017,45.86783888888889,4,9,1,0,1,20000.0,1
c12_181885,pre_2012,877.1684213888889,4,35,1,1,1,18000,1
c17_Application_1015357327,post_2017,324.8876152777778,4,12,0,0,0,8000.0,0
c17_Application_1257391369,post_2017,265.2464086111111,4,12,0,0,0,5000.0,0
c17_Application_1743529964,post_2017,974.5550908333333,4,20,1,1,1,13500.0,1
c12_210743,pre_2012,27.593188611111113,2,6,1,1,0,9000,1
c17_Application_2115815413,post_2017,221.76407916666668,4,12,0,0,0,5000.0,0
c17_Application_1985519013,post_2017,60.51528388888889,4,9,1,0,1,5000.0,1
c12_176311,pre_2012,3.972222222222222e-05,2,3,1,0,0,4000,1
c17_Application_816636748,post_2017,275.4761286111111,4,16,1,1,1,10000.0,1
c17_Application_124124711,post_2017,585.3279355555555,4,20,1,1,1,15000.0,1
c17_Application_1022532415,post_2017,312.0485625,4,12,0,0,0,27000.0,0
c17_Application_1624295834,post_2017,224.9531263888889,4,16,1,1,1,8000.0,1
c17_Application_1463630637,post_2017,261.46403888888887,4,12,0,0,0,0.0,0
c17_Application_531070131,post_2017,174.42041249999997,4,12,0,0,0,7000.0,0
c12_202173,pre_2012,15.02729361111111,2,10,1,1,0,15000,1
c17_Application_1394660187,post_2017,307.69437805555555,4,12,0,0,0,12000.0,0
c12_206621,pre_2012,483.1375994444444,4,22,1,1,1,6000,1
c12_210203,pre_2012,161.73968722222222,1,24,0,1,0,9000,0
c17_Application_709251515,post_2017,168.24325138888886,4,12,0,0,0,25000.0,0
c17_Application_1452620578,post_2017,161.1297397222222,4,12,0,0,0,15000.0,0
c12_198867,pre_2012,339.67320805555556,4,38,0,1,0,5000,0
c17_Application_329375107,post_2017,263.37951472222227,4,12,0,0,0,33250.0,0
c17_Application_654369885,post_2017,485.9737061111111,4,16,1,1,0,0.0,1
c17_Application_1645963200,post_2017,173.73120083333333,4,12,0,0,0,7000.0,0
c17_Application_159115592,post_2017,259.5159855555556,4,12,0,0,0,10000.0,0
c17_Application_1723786816,post_2017,0.2420469444444444,4,9,1,0,0,5000.0,1
c17_Application_948906324,post_2017,186.10186694444445,4,12,0,0,0,5000.0,0
c17_Application_272280744,post_2017,143.33930166666667,4,12,0,0,0,17000.0,0
c12_193249,pre_2012,0.00017611111111111112,2,3,1,0,0,10000,1
c12_202854,pre_2012,457.3735361111111,4,24,0,1,0,5000,0
c17_Application_1139587159,post_2017,327.4599680555556,4,12,0,0,0,10500.0,0
c17_Application_1630970905,post_2017,202.93269944444444,4,12,0,0,0,10000.0,0
c12_206300,pre_2012,617.4923502777777,4,50,1,1,1,25000,1
c17_Application_285907468,post_2017,266.41994666666665,4,12,0,0,0,15000.0,0
c17_Application_1247833579,post_2017,280.2895011111111,4,12,0,0,0,5000.0,0
c12_213261,pre_2012,287.6920772222222,4,24,0,1,0,15000,0
c17_Application_172981091,post_2017,241.5882083333333,4,12,0,0,0,18200.0,0
c17_Application_464957199,post_2017,630.8288541666666,4,19,1,1,1,50000.0,1
c12_187675,pre_2012,7.63888888888889e-05,2,3,1,0,0,2000,1
c17_Application_1817634000,post_2017,401.6638341666666,4,16,1,1,0,38000.0,1
c17_Application_1775117227,post_2017,189.01349527777776,4,12,0,0,0,10000.0,0
c17_Application_851840391,post_2017,139.77654111111113,4,12,0,0,0,40000.0,0
c17_Application_988915517,post_2017,1.7233044444444445,4,9,1,0,1,30000.0,1
c17_Application_477611889,post_2017,190.27468972222223,4,12,0,0,0,20000.0,0
c17_Application_681961933,post_2017,199.39705666666666,4,12,0,0,0,0.0,0
c17_Application_261020841,post_2017,244.1004147222222,4,12,0,0,0,0.0,0
c17_Application_1570092273,post_2017,300.084435,4,12,0,0,0,15000.0,0
c12_182626,pre_2012,407.8608525,4,26,0,1,0,5000,0
c17_Application_1320984331,post_2017,240.23834583333334,4,12,0,0,0,0.0,0
c17_Application_407461155,post_2017,827.5557694444444,4,19,1,1,1,5000.0,1
c12_202485,pre_2012,459.9344025,4,32,0,1,0,18500,0
c17_Application_1093060585,post_2017,182.64400638888887,4,12,0,0,0,10000.0,0
c17_Application_1959891562,post_2017,856.3214041666666,4,24,1,1,1,15000.0,1
c12_203886,pre_2012,430.21332138888886,4,22,0,1,0,16000,0
c17_Application_295911477,post_2017,527.5288702777777,4,21,1,1,0,12500.0,1
c17_Application_197347356,post_2017,188.00914999999998,4,12,0,0,0,12000.0,0
c12_212596,pre_2012,0.40636527777777776,2,8,1,1,0,20000,1
c17_Application_318018580,post_2017,472.0053438888889,4,16,1,1,1,26500.0,1
c17_Application_864148389,post_2017,6.692153055555555,4,12,1,1,0,5000.0,1
c17_Application_1303088153,post_2017,158.510115,4,12,0,0,0,10000.0,0
c17_Application_81354277,post_2017,262.14691999999997,4,12,0,0,0,17500.0,0
c17_Application_1220245028,post_2017,189.09684861111114,4,13,0,0,0,5000.0,0
c12_182960,pre_2012,329.2814783333333,4,22,0,1,0,11000,0
c12_194644,pre_2012,0.38166694444444443,4,24,0,1,0,30000,0
c12_196744,pre_2012,6.138888888888889e-05,2,3,1,0,0,10500,1
c17_Application_723417034,post_2017,212.3902408333333,4,12,0,0,0,7500.0,0
c17_Application_90627973,post_2017,45.41802138888889,4,12,1,1,1,10000.0,1
c17_Application_976343211,post_2017,93.51205,4,9,1,0,1,0.0,1
c17_Application_643134488,post_2017,1118.8449313888889,4,17,1,1,1,10000.0,1
c17_Application_29643939,post_2017,463.75094638888896,4,15,1,1,1,0.0,1
c17_Application_14272510,post_2017,168.50314277777778,4,18,1,1,1,20000.0,1
c17_Application_1894599728,post_2017,189.18543888888888,4,12,0,0,0,7000.0,0
c17_Application_2045572635,post_2017,310.84222305555556,4,12,0,0,0,25000.0,0
c12_185270,pre_2012,473.6162219444444,4,28,0,1,0,13000,0
c17_Application_968899175,post_2017,241.58112027777779,4,12,0,0,0,35000.0,0
c17_Application_2098242568,post_2017,74.934915,4,10,1,0,1,20000.0,1
c17_Application_437813767,post_2017,332.164435,4,12,0,0,0,32000.0,0
c17_Application_1599321616,post_2017,338.26658833333335,4,12,0,0,0,50000.0,0
c17_Application_473724297,post_2017,152.57250916666666,4,16,1,1,0,0.0,1
c12_195344,pre_2012,740.4634463888889,2,29,1,1,1,5000,1
c17_Application_1193591229,post_2017,2.7162641666666665,4,12,1,1,1,15000.0,1
c12_201484,pre_2012,559.6425666666667,4,53,1,1,1,6000,1
c17_Application_171367276,post_2017,869.0418352777777,4,23,1,1,1,56000.0,1
c12_200395,pre_2012,301.37268694444447,4,22,0,1,0,8000,0
c17_Application_1658575970,post_2017,317.82392111111113,4,12,0,0,0,0.0,0
c17_Application_943868855,post_2017,234.79235305555554,4,12,0,0,0,0.0,0
c17_Application_1695436993,post_2017,512.1981552777778,4,19,1,1,1,53000.0,1
c17_Application_1213104145,post_2017,304.31258694444443,4,12,0,0,0,8000.0,0
c17_Application_2052803907,post_2017,120.58484361111111,4,12,0,0,0,15000.0,0
c12_175263,pre_2012,345.4264297222222,4,31,1,1,1,15000,1
c17_Application_1138732156,post_2017,424.09087055555557,4,16,1,1,0,5000.0,1
c17_Application_853756243,post_2017,0.08825916666666665,4,9,1,0,0,0.0,1
c12_193414,pre_2012,6.580909722222223,2,6,1,1,0,3000,1
c12_194254,pre_2012,39.27208388888889,2,6,1,1,0,3500,1
c12_213330,pre_2012,359.9139386111111,3,24,0,1,0,5000,0
c12_181703,pre_2012,0.39689416666666666,2,6,1,1,0,5000,1
c17_Application_1048918140,post_2017,85.7207036111111,4,12,1,1,1,40000.0,1
c17_Application_1947668470,post_2017,331.2269369444445,4,12,0,0,0,20000.0,0
c17_Application_1798274138,post_2017,301.68021250000004,4,12,0,0,0,19750.0,0
c17_Application_1106177510,post_2017,219.60759972222223,4,12,0,0,0,5000.0,0
c17_Application_1258296762,post_2017,280.45614472222223,4,16,1,1,0,6000.0,1
c17_Application_1554386060,post_2017,184.44510416666668,4,12,0,0,0,0.0,0
c17_Application_1813335284,post_2017,191.0277925,4,12,0,0,0,20000.0,0
c17_Application_272407605,post_2017,281.74925666666667,4,12,0,0,0,5000.0,0
c17_Application_853767361,post_2017,0.15342111111111112,4,9,1,0,1,12400.0,1
c12_211095,pre_2012,615.6546091666667,4,26,0,1,1,12000,1
c17_Application_641443562,post_2017,1964.5966433333333,4,29,1,1,1,20000.0,1
c12_174686,pre_2012,335.95552555555554,4,28,0,1,0,7500,0
c17_Application_426803060,post_2017,102.40139972222222,4,12,0,0,0,15000.0,0
c17_Application_150041336,post_2017,2135.100538888889,4,30,1,1,1,12600.0,1
c12_187921,pre_2012,492.91164555555554,4,48,1,1,1,15000,1
c17_Application_1109943056,post_2017,304.7715994444444,4,12,0,0,0,20000.0,0
c17_Application_129006948,post_2017,332.3779288888889,4,12,0,0,0,9000.0,0
c17_Application_119020510,post_2017,193.28177722222222,4,12,0,0,0,5000.0,0
c17_Application_1064248036,post_2017,333.02826194444447,4,12,0,0,0,30000.0,0
c12_205559,pre_2012,2.6311999999999998,2,8,1,1,0,40000,1
c17_Application_350079960,post_2017,87.20521027777778,4,10,1,0,1,5000.0,1
c17_Application_772329068,post_2017,69.31855722222222,4,12,0,0,0,75000.0,0
c17_Application_454134221,post_2017,827.9415569444444,4,19,1,1,1,30000.0,1
c12_204278,pre_2012,282.33312527777775,4,24,1,1,1,25000,1
c17_Application_2096597980,post_2017,207.26754472222223,4,12,0,0,0,10000.0,0
c12_194350,pre_2012,7.361111111111111e-05,2,3,1,0,0,2500,1
c12_211005,pre_2012,6.138888888888889e-05,2,3,1,0,0,5000,1
c12_174144,pre_2012,429.7339191666666,4,28,0,1,0,21000,0
c17_Application_1322203709,post_2017,221.3366775,4,12,0,0,0,0.0,0
c12_203624,pre_2012,326.6130597222222,4,30,1,1,0,45000,1
c17_Application_1848296752,post_2017,0.8368861111111111,4,9,1,0,1,0.0,1
c12_191848,pre_2012,481.0465463888889,4,26,0,1,0,5000,0
c17_Application_609090423,post_2017,314.02531999999997,4,12,0,0,0,35000.0,0
c12_207089,pre_2012,429.5706652777778,4,31,1,1,0,8000,1
c17_Application_213211686,post_2017,190.64237916666667,4,12,0,0,0,6500.0,0
c17_Application_1596066079,post_2017,74.11038472222222,4,12,0,0,0,62500.0,0
c17_Application_1431000094,post_2017,22.763040000000004,4,9,1,0,0,25000.0,1
c17_Application_315644368,post_2017,144.7388686111111,4,12,0,0,0,5000.0,0
c17_Application_363059077,post_2017,527.9718275,4,12,1,0,1,7000.0,1
c17_Application_1069059697,post_2017,147.55143361111112,4,12,0,0,0,17500.0,0
c17_Application_1886872966,post_2017,169.78191222222222,4,12,0,0,0,15000.0,0
c12_188020,pre_2012,647.0626055555555,4,54,1,1,1,5000,1
c17_Application_339730120,post_2017,0.09875944444444444,4,9,1,0,0,35000.0,1
c17_Application_978016195,post_2017,118.369225,4,12,0,0,0,15000.0,0
c17_Application_1000604502,post_2017,65.26429999999999,4,9,1,0,1,10000.0,1
c12_184198,pre_2012,1.5419272222222222,2,6,1,1,0,5000,1
c17_Application_576248321,post_2017,795.1670088888889,4,18,1,1,1,30000.0,1
c17_Application_1890915392,post_2017,72.08549722222222,4,9,1,0,0,23000.0,1
c17_Application_1099078323,post_2017,135.81461472222222,4,10,1,0,1,5000.0,1
c17_Application_1430547150,post_2017,618.2442533333333,4,14,1,0,1,18000.0,1
c17_Application_1165073723,post_2017,234.76198694444443,4,12,0,0,0,0.0,0
c17_Application_679521950,post_2017,188.42425694444444,4,14,1,0,1,20000.0,1
c17_Application_376007155,post_2017,330.3872855555556,4,12,0,0,0,6000.0,0
c17_Application_1167146273,post_2017,330.7404452777778,4,12,0,0,0,0.0,0
c17_Application_1580682783,post_2017,4.665345833333334,4,9,1,0,0,15000.0,1
c17_Application_641457453,post_2017,868.1479883333334,4,15,1,1,1,50000.0,1
c17_Application_610209894,post_2017,286.9009819444445,4,12,0,0,0,20000.0,0
c17_Application_1061611516,post_2017,306.40690027777777,4,20,1,1,0,5000.0,1
c17_Application_1712296216,post_2017,267.4394805555556,4,12,0,0,0,7500.0,0
c17_Application_196951548,post_2017,212.32260055555557,4,12,0,0,0,0.0,0
c17_Application_598140254,post_2017,0.09199833333333332,4,9,1,0,0,0.0,1
c12_202914,pre_2012,4.638888888888889e-05,2,3,1,0,0,4900,1
c17_Application_487581969,post_2017,280.9631294444444,4,12,0,0,0,10000.0,0
c17_Application_1129813517,post_2017,523.7695227777779,4,13,0,0,1,5000.0,1
c17_Application_836009953,post_2017,174.52369305555555,4,12,0,0,0,7500.0,0
c12_196969,pre_2012,1674.6483066666667,4,38,1,1,1,6000,1
c17_Application_633655173,post_2017,48.246734999999994,4,10,1,0,0,8000.0,1
c17_Application_1476227188,post_2017,264.3418363888889,4,16,1,1,0,10000.0,1
c12_186691,pre_2012,12.048126666666667,2,6,1,1,0,5000,1
c17_Application_596285306,post_2017,196.00364000000002,4,12,0,0,0,7500.0,0
c17_Application_875834446,post_2017,146.79536305555555,4,16,1,1,0,5500.0,1
c12_180283,pre_2012,846.4325449999999,4,42,1,1,1,25000,1
c12_211946,pre_2012,309.3293077777778,4,35,0,1,0,15000,0
c17_Application_500409842,post_2017,340.25141694444443,4,12,0,0,0,50000.0,0
c17_Application_299160925,post_2017,376.8783711111111,4,22,1,1,0,15000.0,1
c17_Application_1447691962,post_2017,231.77447999999998,4,13,0,0,0,6000.0,0
c12_204850,pre_2012,651.40034,4,43,1,1,1,8000,1
c17_Application_208251490,post_2017,220.30607861111113,4,16,1,1,1,7500.0,1
c12_207227,pre_2012,7.444444444444444e-05,2,3,1,0,0,50000,1
c17_Application_1624617914,post_2017,568.1850505555556,4,17,1,1,1,0.0,1
c12_210095,pre_2012,220.21001027777777,1,10,0,1,0,6100,0
c17_Application_465906899,post_2017,287.7269888888889,4,12,0,0,0,5000.0,0
c12_181987,pre_2012,451.50930416666665,4,32,0,1,0,7000,0
c17_Application_420905252,post_2017,144.59665472222224,4,12,0,0,0,5000.0,0
c12_187786,pre_2012,739.1960380555556,2,38,1,1,1,60000,1
c12_213870,pre_2012,206.9504936111111,3,37,0,1,0,23000,0
c17_Application_1983434562,post_2017,182.1521561111111,4,12,0,0,0,15000.0,0
c17_Application_265942746,post_2017,268.2278066666667,4,12,0,0,0,6000.0,0
c17_Application_493034835,post_2017,239.83063305555555,4,12,0,0,0,9000.0,0
c17_Application_1534280400,post_2017,338.8564361111111,4,12,0,0,0,15000.0,0
c17_Application_1908229857,post_2017,289.05102222222223,4,9,1,0,1,5000.0,1
c12_187238,pre_2012,67.90326027777778,2,16,1,1,0,5500,1
c12_205867,pre_2012,430.7976413888889,4,24,0,1,0,8500,0
c17_Application_2052520067,post_2017,225.23714833333332,4,12,0,0,0,0.0,0
c17_Application_409322916,post_2017,24.576497500000002,4,9,1,0,0,10000.0,1
c17_Application_855823740,post_2017,690.0329069444444,4,12,0,0,1,10000.0,1
c17_Application_170555253,post_2017,170.12865166666668,4,12,0,0,0,26500.0,0
c12_191401,pre_2012,0.5092358333333333,2,7,1,1,0,10000,1
c12_204493,pre_2012,5.888888888888889e-05,2,3,1,0,0,31000,1
c17_Application_1205789692,post_2017,188.87940499999996,4,12,0,0,0,6000.0,0
c17_Application_1457603790,post_2017,167.86267861111114,4,12,0,0,0,28300.0,0
c12_212863,pre_2012,5.055555555555555e-05,2,3,1,0,0,2500,1
c17_Application_1270643496,post_2017,548.1225577777777,4,16,1,1,1,30000.0,1
c12_185611,pre_2012,8.888888888888889e-05,2,3,1,0,0,7000,1
c12_174635,pre_2012,487.91012527777775,4,28,0,1,0,7000,0
c12_181240,pre_2012,580.3276158333333,4,34,0,1,1,5000,1
c17_Application_2061560568,post_2017,195.57628250000002,4,12,0,0,0,20000.0,0
c17_Application_1376887477,post_2017,334.71529055555555,4,12,0,0,0,25400.0,0
c17_Application_1464059152,post_2017,785.633865,4,11,1,1,1,42500.0,1
c17_Application_1760873231,post_2017,205.84450972222223,4,12,0,0,0,13500.0,0
c17_Application_229066208,post_2017,8.520480833333334,4,9,1,0,0,8000.0,1
c17_Application_373875255,post_2017,31.556394444444443,4,9,1,0,0,5000.0,1
c12_186316,pre_2012,3.5e-05,2,3,1,0,0,2000,1
c17_Application_1569654923,post_2017,171.22907916666665,4,12,0,0,0,25000.0,0
c12_206017,pre_2012,0.8880397222222223,2,10,1,1,0,20000,1
c17_Application_535380992,post_2017,562.7841972222222,4,16,1,1,1,6000.0,1
c17_Application_1622936964,post_2017,566.886368611111,4,14,1,1,1,7000.0,1
c12_206327,pre_2012,3.7128180555555557,2,9,1,1,0,6000,1
c12_178695,pre_2012,11.735586666666666,2,6,1,1,0,7000,1
c17_Application_648322991,post_2017,161.84159694444443,4,12,0,0,0,0.0,0
c17_Application_461610180,post_2017,419.8633694444444,4,20,1,1,1,15000.0,1
c17_Application_1659278181,post_2017,262.48775222222224,4,12,0,0,0,0.0,0
c17_Application_505385160,post_2017,303.74478638888894,4,12,0,0,0,7000.0,0
c17_Application_451891125,post_2017,0.08582083333333333,4,9,1,0,0,0.0,1
c17_Application_1364438939,post_2017,149.32674027777776,4,12,0,0,1,15000.0,1
c17_Application_1370023294,post_2017,121.3027488888889,4,12,0,0,0,25000.0,0
c17_Application_1771326157,post_2017,199.98902833333332,4,12,0,0,0,0.0,0
c17_Application_589186855,post_2017,73.22105805555556,4,12,1,1,0,10000.0,1
c12_204457,pre_2012,5.192523888888888,2,8,1,1,0,5000,1
c12_188497,pre_2012,328.4453275,4,28,0,1,0,7000,0
c17_Application_348672427,post_2017,356.13525722222226,4,12,0,0,0,25000.0,0
c17_Application_1766152305,post_2017,0.22762944444444447,4,9,1,0,0,0.0,1
c17_Application_1958685170,post_2017,325.04404555555556,4,12,0,0,0,11800.0,0
c17_Application_309551659,post_2017,93.83468194444445,4,12,0,0,0,0.0,0
c17_Application_667158687,post_2017,1789.2307927777779,4,11,1,1,1,8500.0,1
c17_Application_820140800,post_2017,37.98169527777778,4,9,1,0,0,5000.0,1
c17_Application_1669477442,post_2017,354.89664111111114,4,12,0,0,0,6000.0,0
c12_178302,pre_2012,2051.3818205555554,4,72,1,1,1,15000,1
c17_Application_8118144,post_2017,0.10641416666666666,4,9,1,0,0,49000.0,1
c17_Application_244825819,post_2017,168.95756944444446,4,12,0,0,0,14000.0,0
c17_Application_1566038541,post_2017,236.62798583333333,4,12,0,0,0,7000.0,0
c12_185403,pre_2012,2015.6072447222223,4,63,1,1,1,5000,1
c17_Application_407420577,post_2017,28.99494027777778,4,9,1,0,0,42000.0,1
c17_Application_540532886,post_2017,287.8821925,4,12,0,0,0,10000.0,0
c12_194230,pre_2012,0.1167375,2,10,1,1,0,6000,1
c17_Application_681016501,post_2017,359.0001161111111,4,12,0,0,0,33000.0,0
c17_Application_21990922,post_2017,195.52708194444446,4,16,1,1,0,15000.0,1
c17_Application_138016526,post_2017,170.37676222222223,4,12,0,0,0,0.0,0
c12_193399,pre_2012,0.00023305555555555555,2,3,1,0,0,3000,1
c17_Application_1285892508,post_2017,0.23161305555555556,4,9,1,0,0,10000.0,1
c17_Application_883909682,post_2017,34.655448611111105,4,12,1,1,1,30000.0,1
c12_189961,pre_2012,350.97985472222217,4,27,0,1,0,10000,0
c17_Application_146413236,post_2017,305.4216372222222,4,13,0,0,0,6500.0,0
c17_Application_188576817,post_2017,363.5515266666667,4,14,1,0,0,35000.0,1
c17_Application_980527052,post_2017,262.5402255555556,4,12,0,0,0,25000.0,0
c12_204200,pre_2012,2018.1536644444445,4,100,1,1,1,2500,1
c17_Application_1422439004,post_2017,105.12816666666667,4,12,0,0,0,18000.0,0
c17_Application_1374324644,post_2017,848.0488972222222,4,20,1,1,1,5000.0,1
c12_185111,pre_2012,2711.673208888889,4,47,1,1,1,8000,1
c12_185372,pre_2012,449.2226905555556,4,31,0,1,0,15000,0
c12_208337,pre_2012,1060.7218205555555,4,67,1,1,1,50000,1
c17_Application_1195918098,post_2017,497.81441666666666,4,12,0,0,1,20000.0,1
c17_Application_208564412,post_2017,162.92704916666668,4,12,0,0,0,25000.0,0
c17_Application_1322519399,post_2017,285.52186222222224,4,12,0,0,0,15000.0,0
c17_Application_1347914449,post_2017,171.62348527777777,4,12,0,0,0,10000.0,0
c17_Application_2034229687,post_2017,380.4023619444444,4,20,1,1,1,6500.0,1
c17_Application_761011044,post_2017,21.921058888888886,4,9,1,0,1,10000.0,1
c17_Application_1643995941,post_2017,481.6340288888889,4,14,1,0,1,10000.0,1
c17_Application_992399299,post_2017,249.90787916666665,4,12,0,0,1,7000.0,1
c17_Application_418293974,post_2017,85.22641722222222,4,15,1,1,1,40000.0,1
c17_Application_1255396405,post_2017,88.22278138888889,4,10,1,0,0,7500.0,1
c17_Application_1243127537,post_2017,222.52146916666666,4,12,0,0,0,0.0,0
c17_Application_2019169799,post_2017,214.36603416666665,4,12,0,0,0,30000.0,0
c17_Application_556819046,post_2017,240.28293027777778,4,12,0,0,0,8000.0,0
c17_Application_1144367673,post_2017,300.2275413888889,4,12,0,0,0,10000.0,0
c17_Application_2003563740,post_2017,303.92042749999996,4,12,0,0,0,35000.0,0
c17_Application_1684474347,post_2017,98.05116583333333,4,9,1,0,1,5000.0,1
c12_214277,pre_2012,347.9238902777778,4,28,0,1,0,27000,0
c17_Application_1481836231,post_2017,356.2753861111112,4,12,0,0,0,0.0,0
c17_Application_1797343303,post_2017,263.8620241666667,4,12,0,0,0,0.0,0
c17_Application_2063036518,post_2017,183.85010916666667,4,12,0,0,0,0.0,0
c17_Application_475334390,post_2017,1325.0240727777777,4,18,1,1,1,15000.0,1
c12_181306,pre_2012,513.3953819444444,4,36,0,1,0,10000,0
c12_183582,pre_2012,18.896441944444447,2,11,1,1,0,12500,1
c17_Application_809891558,post_2017,362.5007755555556,4,12,0,0,0,20000.0,0
c17_Application_320525337,post_2017,223.3822716666667,4,12,0,0,0,0.0,0
c17_Application_778324140,post_2017,169.41209555555557,4,12,0,0,0,20000.0,0
c17_Application_1884385405,post_2017,125.24770916666667,4,12,0,0,0,10000.0,0
c17_Application_964418796,post_2017,2206.892066666667,4,22,1,1,1,16000.0,1
c17_Application_1587902709,post_2017,465.0735569444444,4,26,1,1,1,25000.0,1
c17_Application_967110648,post_2017,268.4402561111111,4,14,1,0,0,5000.0,1
c17_Application_1708226981,post_2017,238.20967777777776,4,12,0,0,0,57000.0,0
c12_176440,pre_2012,2.121231388888889,2,10,1,1,0,6000,1
c12_211480,pre_2012,0.00023888888888888888,2,3,1,0,0,10000,1
c12_180139,pre_2012,219.783215,4,18,1,1,1,10000,1
c17_Application_213549612,post_2017,332.88750944444445,4,12,0,0,0,10000.0,0
c12_188050,pre_2012,0.4374002777777778,2,8,1,1,0,5000,1
c17_Application_1437146886,post_2017,289.6839647222222,4,12,0,0,0,17000.0,0
c17_Application_819182654,post_2017,286.19277999999997,4,12,0,0,0,15000.0,0
c17_Application_569369605,post_2017,260.8298844444445,4,12,0,0,0,11000.0,0
c17_Application_281799824,post_2017,242.65663583333333,4,12,0,0,0,35000.0,0
c17_Application_245473842,post_2017,1245.4035555555556,4,19,1,1,1,0.0,1
c12_191428,pre_2012,0.0001975,2,3,1,0,0,7500,1
c17_Application_595742517,post_2017,1017.7386883333334,4,18,1,1,1,36500.0,1
c17_Application_1925770669,post_2017,150.65493722222223,4,12,0,0,0,0.0,0
c12_187753,pre_2012,0.6411222222222223,2,6,1,1,0,2000,1
c17_Application_1475131206,post_2017,1181.7743313888889,4,19,1,1,1,20000.0,1
c17_Application_1989201095,post_2017,282.21471694444443,4,16,1,1,0,25000.0,1
c17_Application_319949183,post_2017,422.49711638888886,4,12,1,0,1,10000.0,1
c17_Application_1935265487,post_2017,743.2168861111111,4,20,1,1,1,30000.0,1
c12_176383,pre_2012,1079.6617372222222,4,43,1,1,1,5000,1
c17_Application_1557898800,post_2017,314.7442933333333,4,12,0,0,0,40500.0,0
c12_212355,pre_2012,208.44394111111112,4,22,0,1,0,17000,0
c17_Application_1966302326,post_2017,413.2444616666667,4,16,1,1,0,40000.0,1
c17_Application_1986264179,post_2017,264.79681750000003,4,12,0,0,0,0.0,0
c12_204679,pre_2012,109.30804583333332,4,23,1,1,0,17500,1
c12_204406,pre_2012,3.111111111111111e-05,2,3,1,0,0,2000,1
c12_178365,pre_2012,21.96601138888889,2,17,1,1,0,20000,1
c17_Application_796925887,post_2017,122.91965,4,12,0,0,0,25000.0,0
c17_Application_226526424,post_2017,308.93290527777776,4,12,0,0,0,45500.0,0
c17_Application_89113407,post_2017,144.5077947222222,4,12,0,0,0,40000.0,0
c17_Application_1948936271,post_2017,263.67658305555557,4,12,0,0,0,7000.0,0
c17_Application_926870086,post_2017,2610.731552777778,4,23,1,1,1,12000.0,1
c17_Application_219841132,post_2017,363.80234749999994,4,12,0,0,0,0.0,0
c17_Application_1099493178,post_2017,13.374837500000002,4,9,1,0,0,5000.0,1
c17_Application_1083955215,post_2017,358.26628444444447,4,12,0,0,0,25000.0,0
c17_Application_1021352275,post_2017,23.137262222222223,4,10,1,0,0,5000.0,1
c12_207023,pre_2012,337.2777411111111,4,26,0,1,0,5000,0
c17_Application_1916368109,post_2017,285.59506250000004,4,12,0,0,0,12000.0,0
c17_Application_500032780,post_2017,161.02363277777775,4,12,0,0,0,12500.0,0
c17_Application_857861327,post_2017,195.32164555555553,4,12,0,0,0,20000.0,0
c12_206077,pre_2012,11.758912222222223,2,6,1,1,0,25000,1
c17_Application_183143916,post_2017,452.25829694444445,4,16,1,1,1,10000.0,1
c17_Application_1924849407,post_2017,199.55126805555557,4,13,0,0,0,5000.0,0
c17_Application_913122133,post_2017,0.08496833333333333,4,9,1,0,0,10000.0,1
c12_214358,pre_2012,214.33119888888888,3,16,0,1,0,3500,0
c17_Application_1936192427,post_2017,135.18217611111112,4,11,1,1,1,16613.0,1
c17_Application_1549537550,post_2017,243.50307944444447,4,16,1,1,0,0.0,1
c17_Application_1309910687,post_2017,259.8082380555556,4,12,0,0,0,15000.0,0
c17_Application_2068069228,post_2017,53.15112694444444,4,12,0,0,0,15000.0,0
c17_Application_977664146,post_2017,211.37256833333333,4,12,0,0,0,15000.0,0
c17_Application_207044911,post_2017,260.4656747222222,4,12,0,0,0,5000.0,0
c17_Application_965424635,post_2017,243.96475055555558,4,12,0,0,0,0.0,0
c12_181058,pre_2012,6.277777777777778e-05,2,3,1,0,0,11000,1
c17_Application_417394798,post_2017,0.21289833333333336,4,9,1,0,0,600.0,1
c12_179387,pre_2012,2008.3401316666668,4,119,1,1,1,13500,1
c17_Application_1834515661,post_2017,327.8935930555555,4,12,0,0,0,25000.0,0
c17_Application_342520730,post_2017,233.64391027777776,4,17,1,1,1,75000.0,1
c17_Application_1769060911,post_2017,241.49835750000003,4,12,0,0,0,15000.0,0
c12_212169,pre_2012,0.00010916666666666667,2,3,1,0,0,6000,1
c17_Application_2060847781,post_2017,228.87451805555557,4,12,0,0,0,12500.0,0
c17_Application_1489523042,post_2017,263.72634222222223,4,12,0,0,0,35000.0,0
c17_Application_1944285638,post_2017,217.57444805555554,4,13,1,0,1,7000.0,1
c17_Application_1055057439,post_2017,1293.6873222222223,4,30,1,1,1,6000.0,1
c17_Application_1789438034,post_2017,5.5805825,4,12,0,0,0,16000.0,0
c17_Application_1506321327,post_2017,305.26796416666673,4,12,0,0,0,25000.0,0
c12_198017,pre_2012,3949.342555277778,4,49,1,1,1,50000,1
c17_Application_1588321376,post_2017,212.37087333333335,4,12,0,0,0,10000.0,0
c17_Application_1506426720,post_2017,135.74859472222224,4,12,0,0,0,0.0,0
c17_Application_792507306,post_2017,45.16281583333333,4,9,1,0,1,0.0,1
c12_207071,pre_2012,388.90906388888885,4,22,1,1,1,12000,1
c17_Application_1317554585,post_2017,314.38217416666663,4,12,0,0,0,10000.0,0
c17_Application_711124829,post_2017,795.1816322222222,4,22,1,1,1,7000.0,1
c17_Application_1133031472,post_2017,235.80661166666664,4,12,0,0,0,25000.0,0
c17_Application_643216783,post_2017,657.4583363888889,4,16,1,1,1,20000.0,1
c17_Application_1332366774,post_2017,140.73570444444445,4,12,0,0,0,0.0,0
c17_Application_249560121,post_2017,297.13032944444444,4,20,1,1,0,0.0,1
c17_Application_562473232,post_2017,293.39300055555555,4,12,0,0,0,5000.0,0
c12_210254,pre_2012,184.06925666666666,3,22,0,1,0,10000,0
c17_Application_2121515766,post_2017,1016.9197027777778,4,21,1,1,1,7000.0,1
c12_185114,pre_2012,379.2173033333333,4,35,0,1,0,8000,0
c17_Application_648063719,post_2017,321.08767861111113,4,12,0,0,0,20000.0,0
c17_Application_721327732,post_2017,311.63274583333333,4,12,0,0,0,5000.0,0
c12_194475,pre_2012,0.15932333333333332,2,6,1,1,0,5000,1
c17_Application_1962306771,post_2017,245.51279027777775,4,12,0,0,0,10000.0,0
c12_194626,pre_2012,742.4642697222222,4,27,1,1,1,4000,1
c17_Application_1108410496,post_2017,207.9142675,4,12,0,0,0,5000.0,0
c17_Application_946802204,post_2017,360.7844847222222,4,12,0,0,0,19500.0,0
c12_207161,pre_2012,0.4474475,2,8,1,1,0,6000,1
c17_Application_599521614,post_2017,213.13572194444444,4,12,0,0,0,15000.0,0
c17_Application_1184169516,post_2017,889.6986247222223,4,15,1,1,1,37000.0,1
c17_Application_602682587,post_2017,490.20213027777777,4,21,1,1,1,25000.0,1
c17_Application_562494659,post_2017,731.2287027777778,4,14,1,0,1,30000.0,1
c17_Application_1943145469,post_2017,431.13311555555555,4,20,1,1,1,0.0,1
c17_Application_1501561429,post_2017,0.19926000000000002,4,9,1,0,0,20000.0,1
c17_Application_483006287,post_2017,355.04510944444445,4,12,0,0,0,30000.0,0
c17_Application_2003616220,post_2017,215.41698166666666,4,12,0,0,0,5000.0,0
c17_Application_1691233008,post_2017,324.53062388888884,4,12,0,0,0,13000.0,0
c17_Application_1607499101,post_2017,138.5634611111111,4,12,0,0,0,15000.0,0
c17_Application_376102281,post_2017,287.64777805555553,4,12,0,0,0,25000.0,0
c12_207647,pre_2012,5.25e-05,2,3,1,0,0,7000,1
c17_Application_608649898,post_2017,97.63291583333333,4,12,0,0,0,17500.0,0
c17_Application_479102695,post_2017,334.7470886111111,4,12,1,1,1,5000.0,1
c17_Application_174431817,post_2017,91.45993611111112,4,15,1,1,1,5000.0,1
c17_Application_1476487383,post_2017,245.4442727777778,4,12,0,0,0,5000.0,0
c12_180331,pre_2012,474.2169511111111,4,25,0,1,0,5000,0
c17_Application_1366667960,post_2017,1049.6773108333334,4,17,1,1,1,0.0,1
c17_Application_49151202,post_2017,168.4958386111111,4,12,0,0,0,0.0,0
c17_Application_1605512326,post_2017,426.6360069444445,4,14,1,0,0,13000.0,1
c17_Application_2050219401,post_2017,132.69338305555556,4,12,0,0,1,6000.0,1
c17_Application_1265784250,post_2017,785.4455624999999,4,19,1,1,1,10000.0,1
c17_Application_2108248192,post_2017,165.1086175,4,14,1,0,1,20290.0,1
c17_Application_319276505,post_2017,527.4828261111111,4,12,0,0,0,0.0,0
c12_187577,pre_2012,13.464466666666667,2,6,1,1,0,6000,1
c17_Application_1463906557,post_2017,282.4138169444445,4,12,0,0,0,15000.0,0
c17_Application_1925781855,post_2017,316.15042972222227,4,13,0,0,0,30000.0,0
c17_Application_1839234610,post_2017,294.76860527777774,4,16,1,1,0,5000.0,1
c17_Application_1763935136,post_2017,301.81955111111114,4,12,0,0,0,10000.0,0
c17_Application_247317164,post_2017,286.2395716666666,4,12,0,0,0,15000.0,0
c17_Application_1547107498,post_2017,738.9457422222222,4,12,1,1,1,10000.0,1
c17_Application_1874674743,post_2017,736.8771427777777,4,14,1,0,1,15000.0,1
c12_178900,pre_2012,6.805555555555555e-05,2,3,1,0,0,7500,1
c12_211381,pre_2012,377.76478444444444,4,24,0,1,0,5000,0
c17_Application_1112223889,post_2017,285.43334861111117,4,12,0,0,0,55000.0,0
c17_Application_761503872,post_2017,0.7384477777777777,4,9,1,0,0,8000.0,1
c17_Application_2140670803,post_2017,158.8265391666667,4,12,0,0,0,17500.0,0
c17_Application_517927839,post_2017,237.08776833333334,4,12,0,0,0,7000.0,0
c17_Application_1196222682,post_2017,506.4331280555555,4,18,1,1,1,10000.0,1
c17_Application_308324526,post_2017,260.22874611111115,4,12,0,0,0,5000.0,0
c17_Application_835323326,post_2017,273.9765386111111,4,16,1,1,0,5000.0,1
c12_190884,pre_2012,3576.5836694444447,4,44,1,1,1,12500,1
c17_Application_1240948520,post_2017,186.48596916666665,4,12,0,0,0,23000.0,0
c17_Application_1227106242,post_2017,478.2865102777778,4,17,1,1,1,20000.0,1
c12_184177,pre_2012,2.252521944444444,2,6,1,1,0,21122,1
c17_Application_1129158483,post_2017,280.55659694444444,4,12,0,0,0,10000.0,0
c12_181028,pre_2012,0.6153919444444444,2,7,1,1,0,3000,1
c12_204134,pre_2012,350.20815277777774,4,34,1,1,1,7000,1
c17_Application_1388010863,post_2017,433.3050905555555,4,20,1,1,1,13000.0,1
c17_Application_237038952,post_2017,429.95364944444447,4,16,1,1,0,45000.0,1
c17_Application_415292216,post_2017,50.96617944444444,4,9,1,0,1,50000.0,1
c17_Application_22167554,post_2017,0.19035833333333332,4,9,1,0,0,6000.0,1
c12_210791,pre_2012,411.56778444444444,4,30,0,1,0,15000,0
c17_Application_809766643,post_2017,138.05327805555555,4,12,0,0,0,6000.0,0
c17_Application_259698722,post_2017,600.04463,4,12,0,0,1,15000.0,1
c17_Application_379041944,post_2017,325.435155,4,12,0,0,0,5000.0,0
c17_Application_1535069098,post_2017,0.39003194444444444,4,9,1,0,1,0.0,1
c12_185521,pre_2012,0.00027277777777777776,2,3,1,0,0,5000,1
c17_Application_864884278,post_2017,360.8072936111111,4,12,0,0,0,11300.0,0
c17_Application_1993554545,post_2017,169.09883388888892,4,12,0,0,0,56000.0,0
c17_Application_630399184,post_2017,1000.4884641666667,4,16,1,1,1,50000.0,1
c17_Application_1627988814,post_2017,103.64069333333333,4,12,0,0,0,25000.0,0
c17_Application_2071977490,post_2017,314.72733500000004,4,12,0,0,0,25000.0,0
c12_201117,pre_2012,15.200059722222221,2,6,1,1,0,5000,1
c12_196566,pre_2012,0.00010861111111111111,2,3,1,0,0,7500,1
c12_205912,pre_2012,2315.7343669444444,4,73,1,1,1,5000,1
c12_195869,pre_2012,1495.2192747222223,4,50,1,1,1,30000,1
c12_198696,pre_2012,7.166666666666667e-05,2,3,1,0,0,400,1
c17_Application_533569237,post_2017,233.37055222222222,4,12,0,0,0,25000.0,0
c17_Application_1863937687,post_2017,209.9562691666667,4,12,0,0,0,19000.0,0
c12_182680,pre_2012,391.9607438888889,4,28,0,1,0,25000,0
c12_193372,pre_2012,61.399921666666664,2,16,1,1,0,10000,1
c12_213720,pre_2012,525.4951266666667,4,37,0,1,0,24000,0
c17_Application_905232359,post_2017,811.3841797222223,4,20,1,1,1,15000.0,1
c12_210878,pre_2012,232.52979999999997,3,16,0,1,0,8000,0
c12_212313,pre_2012,179.82867055555556,1,24,0,1,0,50000,0
c17_Application_1419053599,post_2017,173.6587811111111,4,12,0,0,0,6500.0,0
c17_Application_76908735,post_2017,94.81490027777778,4,12,1,1,1,25000.0,1
c17_Application_951383511,post_2017,145.8027536111111,4,12,0,0,0,15000.0,0
c12_207897,pre_2012,0.3424558333333333,2,6,1,1,0,5000,1
c17_Application_1421998660,post_2017,150.50233305555554,4,12,0,0,0,0.0,0
c17_Application_1362954287,post_2017,245.9059225,4,12,0,0,0,30000.0,0
c17_Application_1647019329,post_2017,220.53200944444444,4,12,0,0,0,8000.0,0
c17_Application_737436686,post_2017,264.24770277777776,4,12,0,0,0,20000.0,0
c17_Application_868512477,post_2017,262.4090013888889,4,12,0,0,0,0.0,0
c17_Application_1007501706,post_2017,23.017520833333336,4,12,1,1,1,45000.0,1
c17_Application_356538807,post_2017,43.007985,4,12,0,0,0,0.0,0
c17_Application_429480937,post_2017,587.0026816666667,4,16,1,1,1,10000.0,1
c17_Application_296295477,post_2017,504.90573277777776,4,10,1,0,1,32000.0,1
c17_Application_1104697616,post_2017,333.0138666666667,4,12,0,0,0,16500.0,0
c12_212617,pre_2012,308.7060755555555,3,35,0,1,0,35000,0
c12_176072,pre_2012,404.94364194444444,4,30,0,1,0,15000,0
c17_Application_1144411709,post_2017,171.85011944444446,4,12,0,0,0,0.0,0
c12_189859,pre_2012,265.1883041666666,4,26,1,1,1,20000,1
c17_Application_1771649664,post_2017,399.66886833333336,4,18,1,1,1,16500.0,1
c17_Application_921400054,post_2017,339.11579027777776,4,16,1,1,0,10000.0,1
c17_Application_684696906,post_2017,476.03339416666665,4,12,1,1,1,15000.0,1
c17_Application_2114239561,post_2017,233.7928897222222,4,12,0,0,0,15000.0,0
c17_Application_1852677359,post_2017,0.10410944444444444,4,9,1,0,0,0.0,1
c12_178098,pre_2012,9.444444444444446e-05,2,3,1,0,0,2000,1
c17_Application_1138641566,post_2017,1619.9719625,4,23,1,1,1,15600.0,1
c12_207020,pre_2012,343.7372247222222,4,45,0,1,0,50000,0
c17_Application_1323003023,post_2017,242.1155986111111,4,12,0,0,0,25000.0,0
c12_189955,pre_2012,0.30427333333333334,2,8,1,1,0,9000,1
c12_181838,pre_2012,12.920334166666667,2,8,1,1,0,8700,1
c17_Application_1726163143,post_2017,569.0954891666668,4,18,1,1,1,50000.0,1
c17_Application_173826941,post_2017,241.0463816666667,4,12,0,0,0,15000.0,0
c17_Application_995221293,post_2017,364.004305,4,17,1,1,0,15000.0,1
c17_Application_1807260077,post_2017,198.1056602777778,4,12,0,0,0,15000.0,0
c17_Application_470096249,post_2017,24.219238333333337,4,12,1,1,1,42500.0,1
c17_Application_1108271369,post_2017,4194.394601666667,4,27,1,1,1,25000.0,1
c17_Application_985641293,post_2017,309.74736,4,12,0,0,0,29800.0,0
c17_Application_1437729547,post_2017,1264.7880136111112,4,26,1,1,1,10000.0,1
c17_Application_2025784058,post_2017,206.8653911111111,4,15,1,1,1,6000.0,1
c17_Application_1304924988,post_2017,190.70923388888886,4,12,0,0,0,0.0,0
c17_Application_1574359134,post_2017,341.53089611111113,4,12,0,0,0,6000.0,0
c17_Application_1476049515,post_2017,29.40592555555556,4,9,1,0,1,10000.0,1
c17_Application_2011694593,post_2017,290.42201416666666,4,12,0,0,0,27500.0,0
c17_Application_2029448969,post_2017,233.5211661111111,4,12,0,0,0,25000.0,0
c17_Application_1268155620,post_2017,235.59292166666668,4,13,1,0,0,17500.0,1
c17_Application_745948189,post_2017,128.0119713888889,4,12,0,0,0,12500.0,0
c17_Application_1652374080,post_2017,0.6508097222222223,3,7,1,0,0,35000.0,1
c17_Application_1041645953,post_2017,500.7875847222222,4,13,1,0,1,20000.0,1
c17_Application_835389685,post_2017,288.82167055555556,4,12,0,0,0,8700.0,0
c17_Application_130463013,post_2017,46.51228861111111,4,12,1,1,1,20000.0,1
c17_Application_833171339,post_2017,186.50474361111114,4,12,1,0,1,5000.0,1
c17_Application_1473120087,post_2017,186.20023027777776,4,12,0,0,0,0.0,0
c17_Application_1274557,post_2017,162.77157472222223,4,12,0,0,0,15000.0,0
c17_Application_1919101504,post_2017,300.3441741666667,4,12,0,0,0,15000.0,0
c17_Application_1455692161,post_2017,1558.0696963888888,4,17,1,1,1,22500.0,1
c17_Application_539943438,post_2017,816.791861111111,4,20,1,1,1,20000.0,1
c17_Application_1364969454,post_2017,288.12232472222223,4,14,1,0,0,25000.0,1
c17_Application_2131837815,post_2017,313.2886136111111,4,12,0,0,0,23730.0,0
c17_Application_1235452194,post_2017,163.92880916666667,4,12,0,0,0,25000.0,0
c17_Application_1689648120,post_2017,256.40026805555556,4,12,0,0,0,25000.0,0
c17_Application_1028665365,post_2017,643.5377011111111,4,23,1,1,1,60000.0,1
c17_Application_330129376,post_2017,175.4374152777778,4,12,0,0,0,20000.0,0
c17_Application_1554939217,post_2017,0.08448194444444444,4,9,1,0,0,0.0,1
c12_202376,pre_2012,5.1666666666666664e-05,2,3,1,0,0,14000,1
c17_Application_1033307487,post_2017,742.6280680555556,4,20,1,1,1,0.0,1
c17_Application_1365677392,post_2017,1198.2953544444442,4,16,1,1,1,50000.0,1
c17_Application_306348833,post_2017,325.69351027777776,4,12,0,0,0,10000.0,0
c12_197731,pre_2012,2211.4355644444445,4,61,1,1,1,12500,1
c17_Application_356892787,post_2017,873.5829099999999,4,20,1,1,1,10000.0,1
c17_Application_1155070210,post_2017,769.0904613888889,4,16,1,1,1,5000.0,1
c17_Application_2146875573,post_2017,2193.612798888889,4,25,1,1,1,75000.0,1
c17_Application_1294212373,post_2017,326.5464855555556,4,12,0,0,0,22000.0,0
c17_Application_473723128,post_2017,1041.1500655555556,4,21,1,1,1,36000.0,1
c17_Application_527357743,post_2017,352.6344711111111,4,12,0,0,0,15000.0,0
c12_199222,pre_2012,220.64253805555558,4,54,1,1,1,30000,1
c17_Application_1927302661,post_2017,263.4124825,4,12,0,0,0,19000.0,0
c17_Application_927559845,post_2017,207.35035555555558,4,16,1,1,0,12000.0,1
c17_Application_848940095,post_2017,265.7859036111111,4,12,0,0,0,10000.0,0
c12_206999,pre_2012,390.94741555555555,4,25,0,1,0,30000,0
c17_Application_41371350,post_2017,314.8718069444445,4,12,0,0,0,10000.0,0
c17_Application_952725415,post_2017,21.912268611111113,4,9,1,0,0,15000.0,1
c17_Application_1522004111,post_2017,1560.7990047222222,4,19,1,1,1,8000.0,1
c17_Application_2076753439,post_2017,341.2076638888889,4,25,1,1,1,8000.0,1
c17_Application_1735954744,post_2017,335.6209161111111,4,12,0,0,0,15000.0,0
c17_Application_578302511,post_2017,305.0705852777778,4,14,1,0,0,5000.0,1
c17_Application_729416061,post_2017,461.77434555555556,4,17,1,1,1,25000.0,1
c12_185765,pre_2012,5.138888888888889e-05,2,3,1,0,0,10000,1
c12_191701,pre_2012,0.17930500000000002,2,6,1,1,0,5000,1
c12_205235,pre_2012,1.3093780555555556,2,6,1,1,0,4000,1
c12_201325,pre_2012,739.3758194444445,2,34,1,1,1,10000,1
c17_Application_375956088,post_2017,189.5900238888889,4,12,0,0,0,8000.0,0
c17_Application_1665584404,post_2017,11.65737,4,9,1,0,0,5000.0,1
c17_Application_888671111,post_2017,863.6577583333333,4,20,1,1,1,25000.0,1
c17_Application_1167813329,post_2017,167.3875538888889,4,13,0,0,0,6000.0,0
c17_Application_1475120720,post_2017,29.438179166666668,4,9,1,0,1,22000.0,1
c17_Application_2009274259,post_2017,337.9547483333333,4,12,0,0,0,14000.0,0
c17_Application_1002324382,post_2017,232.71133416666666,4,12,0,0,0,0.0,0
c12_192686,pre_2012,0.0002402777777777778,2,3,1,0,0,28000,1
c17_Application_698506934,post_2017,27.404260555555556,4,13,1,1,1,5000.0,1
c17_Application_64844054,post_2017,259.1179716666666,4,12,0,0,0,0.0,0
c17_Application_467887960,post_2017,292.2620175,4,12,0,0,0,50000.0,0
c17_Application_401272894,post_2017,162.6329363888889,4,12,0,0,0,5000.0,0
c12_176122,pre_2012,30.956685833333335,2,19,1,1,0,15000,1
c12_194562,pre_2012,1361.038726388889,4,35,1,1,1,25000,1
c12_212755,pre_2012,409.3324480555556,3,28,0,1,1,55000,1
c17_Application_1699716053,post_2017,326.10801416666663,4,12,0,0,0,15000.0,0
c17_Application_1580397915,post_2017,91.42189416666666,4,9,1,0,0,15000.0,1
c12_209889,pre_2012,39.72100611111111,2,13,1,1,0,2500,1
c17_Application_153913317,post_2017,86.07408694444445,4,13,1,1,1,5000.0,1
c17_Application_1780440689,post_2017,9.137355277777777,3,6,1,0,0,6000.0,1
c12_179173,pre_2012,23.65382972222222,2,6,1,1,0,10000,1
c17_Application_566186269,post_2017,214.57406833333332,4,12,0,0,0,10000.0,0
c17_Application_397690469,post_2017,266.4692963888889,4,21,1,1,0,15000.0,1
c17_Application_1248715190,post_2017,409.9796672222222,4,12,0,0,1,0.0,1
c17_Application_758316908,post_2017,213.15497944444445,4,12,0,0,0,7500.0,0
c17_Application_1353474114,post_2017,166.86978333333334,4,12,0,0,0,11000.0,0
c12_187846,pre_2012,419.4287080555556,4,35,0,1,0,15000,0
c17_Application_427647748,post_2017,13.152216111111112,4,9,1,0,1,40000.0,1
c17_Application_229924151,post_2017,46.4089125,4,13,1,1,1,5000.0,1
c17_Application_1472411377,post_2017,3.363998611111111,4,9,1,0,0,20000.0,1
c17_Application_132154073,post_2017,389.51491444444446,4,12,0,0,1,20000.0,1
c17_Application_774361986,post_2017,214.19635527777777,4,12,0,0,0,5000.0,0
c17_Application_678463000,post_2017,0.1248975,4,9,1,0,0,0.0,1
c17_Application_2083545924,post_2017,0.6426563888888889,4,12,1,1,1,35000.0,1
c17_Application_898889684,post_2017,288.5615658333333,4,12,0,0,0,15000.0,0
c12_175120,pre_2012,735.6124205555556,2,26,1,1,1,10000,1
c17_Application_1537066674,post_2017,43.66456083333333,4,9,1,0,0,5000.0,1
c12_213795,pre_2012,166.38084777777777,1,25,0,1,0,8000,0
c17_Application_904313133,post_2017,336.50829277777774,4,12,0,0,0,5000.0,0
c12_192885,pre_2012,0.00011277777777777779,2,3,1,0,0,12000,1
c17_Application_1340929542,post_2017,644.8451955555556,4,13,1,1,1,16000.0,1
c17_Application_349291575,post_2017,40.97809111111111,4,12,0,0,0,15000.0,0
c17_Application_1825002825,post_2017,157.86117083333335,4,12,0,0,0,7250.0,0
c17_Application_75055078,post_2017,327.2691105555556,4,12,0,0,0,10000.0,0
c17_Application_1073870547,post_2017,412.5500394444444,4,14,1,0,1,12000.0,1
c12_174448,pre_2012,374.89810944444446,4,34,1,1,0,8500,1
c12_211011,pre_2012,267.50995305555557,4,24,0,1,0,25000,0
c17_Application_1903540859,post_2017,282.49857000000003,4,12,0,0,0,27000.0,0
c12_212064,pre_2012,1.8613658333333334,2,8,1,1,0,5000,1
c12_187574,pre_2012,429.4251233333333,4,30,0,1,0,15000,0
c17_Application_2088770085,post_2017,0.2881713888888889,4,12,1,1,1,6000.0,1
c12_179429,pre_2012,371.8033727777778,4,24,0,1,0,5000,0
c17_Application_1403984783,post_2017,0.14668444444444445,4,9,1,0,0,0.0,1
c17_Application_1139121680,post_2017,234.68091083333334,4,12,0,0,0,5300.0,0
c12_185849,pre_2012,0.09346499999999999,2,6,1,1,0,15000,1
c17_Application_2134600507,post_2017,122.81506222222224,4,12,0,0,0,0.0,0
c17_Application_1610527211,post_2017,564.0744280555556,4,18,1,1,1,11500.0,1
c12_190758,pre_2012,1189.0035369444445,4,72,1,1,1,9000,1
c17_Application_402295332,post_2017,177.70785777777778,4,12,0,0,0,17500.0,0
c17_Application_1232662610,post_2017,192.24287777777775,4,12,0,0,0,0.0,0
c17_Application_430885251,post_2017,49.329078333333335,4,12,1,1,1,15000.0,1
c17_Application_1239468939,post_2017,209.63340694444446,4,12,0,0,0,20000.0,0
c17_Application_82959424,post_2017,308.31578583333334,4,12,0,0,0,0.0,0
c17_Application_397814196,post_2017,213.70656416666668,4,16,1,1,0,5000.0,1
c17_Application_669559167,post_2017,258.2601702777778,4,12,0,0,0,13000.0,0
c17_Application_277031060,post_2017,186.7801286111111,4,12,0,0,0,6250.0,0
c12_211594,pre_2012,86.87393777777777,1,23,0,1,0,7750,0
c17_Application_378343059,post_2017,183.07189888888888,4,12,0,0,0,5000.0,0
c17_Application_1432079056,post_2017,243.639815,4,12,0,0,0,10000.0,0
c12_178969,pre_2012,1686.1367444444445,4,49,1,1,1,2000,1
c17_Application_524749093,post_2017,182.78185638888888,4,12,0,0,0,18000.0,0
c17_Application_192361447,post_2017,289.257675,4,12,0,0,0,40000.0,0
c17_Application_662773765,post_2017,263.7631811111111,4,12,0,0,0,15000.0,0
c17_Application_1476271894,post_2017,1.0710902777777778,4,9,1,0,1,0.0,1
c12_183317,pre_2012,587.7841886111112,4,40,1,1,1,5000,1
c17_Application_586870495,post_2017,601.2699736111111,4,13,1,1,1,10000.0,1
c17_Application_1546234552,post_2017,333.3480122222222,4,13,0,0,0,5000.0,0
c17_Application_1171975334,post_2017,281.31226583333336,4,12,0,0,0,0.0,0
c17_Application_1624152176,post_2017,277.20421444444446,4,12,1,1,1,16000.0,1
c17_Application_1497156980,post_2017,234.0288527777778,4,12,0,0,0,5000.0,0
c17_Application_1924012571,post_2017,159.88157361111112,4,12,0,0,0,5000.0,0
c17_Application_1938375885,post_2017,1333.5273708333334,4,31,1,1,1,7500.0,1
c17_Application_1033672339,post_2017,257.72153055555555,4,13,0,0,0,18000.0,0
c17_Application_1538912002,post_2017,277.9001961111111,4,12,0,0,0,7000.0,0
c17_Application_232465255,post_2017,195.35596111111113,4,12,0,0,0,0.0,0
c12_208736,pre_2012,0.7306094444444444,2,6,1,1,0,20000,1
c17_Application_584878848,post_2017,19.365570277777778,4,9,1,0,0,15000.0,1
c17_Application_1730126086,post_2017,311.1358172222223,4,13,1,0,0,8000.0,1
c12_190288,pre_2012,485.45843,4,53,0,1,0,17000,0
c17_Application_1998307400,post_2017,329.5696308333333,4,12,0,0,0,7750.0,0
c17_Application_627871647,post_2017,251.13144250000002,4,12,0,0,0,7000.0,0
c17_Application_807788459,post_2017,447.8413033333333,4,12,1,0,0,25250.0,1
c17_Application_379321877,post_2017,765.9964438888888,4,19,1,1,1,20000.0,1
c17_Application_64154351,post_2017,163.01195777777778,4,12,0,0,0,11000.0,0
c17_Application_1102243338,post_2017,1142.6226105555556,4,18,1,1,1,15000.0,1
c12_202494,pre_2012,171.34090305555557,4,18,1,1,0,8500,1
c17_Application_873463247,post_2017,741.0572341666667,4,21,1,1,1,38000.0,1
c17_Application_568412620,post_2017,160.14323194444447,4,12,0,0,0,30000.0,0
c17_Application_1660981636,post_2017,24.327363333333334,4,12,0,0,0,0.0,0
c17_Application_1591164230,post_2017,355.2134511111111,4,12,0,0,0,15000.0,0
c12_213210,pre_2012,698.8643880555555,3,73,1,1,1,50000,1
c17_Application_965268021,post_2017,96.41345027777777,4,12,1,1,1,26500.0,1
c17_Application_354865116,post_2017,672.4643722222222,4,14,1,0,1,47000.0,1
c12_199681,pre_2012,1514.1948119444444,4,64,1,1,1,5500,1
c17_Application_89893610,post_2017,0.08487416666666667,4,12,1,1,1,7000.0,1
c12_197002,pre_2012,2804.8913830555557,4,50,1,1,1,35000,1
c17_Application_1903584471,post_2017,0.2301388888888889,4,9,1,0,0,0.0,1
c17_Application_289242623,post_2017,361.60817833333334,4,18,1,1,1,7000.0,1
c12_179248,pre_2012,17.601090555555555,2,6,1,1,0,7400,1
c17_Application_914591581,post_2017,0.6668933333333333,4,9,1,0,1,28000.0,1
c12_196581,pre_2012,1499.5249638888888,4,61,1,1,1,5000,1
c17_Application_18292630,post_2017,2916.410266388889,4,18,1,1,1,37500.0,1
c17_Application_852905987,post_2017,303.8637261111111,4,12,0,0,0,50000.0,0
c17_Application_1819890346,post_2017,354.8568972222222,4,12,0,0,0,37000.0,0
c17_Application_1385170315,post_2017,259.8263913888889,4,20,1,1,0,10500.0,1
c17_Application_412624923,post_2017,168.43134472222224,4,12,0,0,0,10000.0,0
c17_Application_596686507,post_2017,234.45158472222224,4,12,0,0,0,10000.0,0
c17_Application_1009860656,post_2017,214.43198083333334,4,12,0,0,0,25000.0,0
c12_174809,pre_2012,3.4166666666666666e-05,2,3,1,0,0,15000,1
c17_Application_1443667725,post_2017,187.9192486111111,4,12,0,0,0,10000.0,0
c17_Application_1583874174,post_2017,156.46129027777778,4,12,0,0,0,37500.0,0
c17_Application_997024654,post_2017,210.6412877777778,4,12,0,0,0,28000.0,0
c17_Application_1376437010,post_2017,422.4063558333333,4,20,1,1,0,23750.0,1
c17_Application_1207970401,post_2017,242.91557944444443,4,12,0,0,0,0.0,0
c12_175045,pre_2012,455.576425,4,26,1,1,0,15000,1
c17_Application_620235186,post_2017,170.70433027777779,4,12,0,0,0,0.0,0
c17_Application_1607183092,post_2017,534.8981377777778,4,9,1,0,1,20000.0,1
c17_Application_863165198,post_2017,489.43911444444444,4,16,1,1,1,50000.0,1
c17_Application_807384853,post_2017,691.3039872222222,4,15,1,1,1,20000.0,1
c12_197494,pre_2012,49.01861888888889,4,29,1,1,0,9500,1
c12_182741,pre_2012,367.5149511111111,4,22,0,1,0,20000,0
c17_Application_704781974,post_2017,870.9748652777778,4,23,1,1,1,10000.0,1
c12_182056,pre_2012,390.17159833333335,4,27,0,1,0,8000,0
c17_Application_1524292990,post_2017,287.8235119444444,4,12,0,0,0,19000.0,0
c12_200161,pre_2012,742.4488349999999,2,35,1,1,1,14000,1
c17_Application_335023490,post_2017,8.008328055555555,4,9,1,0,1,15000.0,1
c17_Application_798498969,post_2017,0.0885975,4,9,1,0,1,0.0,1
c17_Application_1093539525,post_2017,192.6792127777778,4,12,0,0,0,3000.0,0
c17_Application_330376375,post_2017,166.64709527777777,4,12,0,0,0,20000.0,0
c12_210722,pre_2012,301.5740063888889,4,22,0,1,0,6000,0
c17_Application_398572337,post_2017,313.65679472222223,4,12,0,0,0,22000.0,0
c17_Application_966841012,post_2017,256.4517841666667,4,12,0,0,0,10000.0,0
c17_Application_1736729099,post_2017,185.0417025,4,12,0,0,0,5000.0,0
c17_Application_1885989280,post_2017,170.2113022222222,4,12,0,0,0,15000.0,0
c17_Application_2085373538,post_2017,147.24409055555557,4,12,1,1,1,5000.0,1
c17_Application_1848540504,post_2017,360.94928250000004,4,12,0,0,0,28000.0,0
c17_Application_328120747,post_2017,1192.023935,4,21,1,1,1,12200.0,1
c17_Application_960846305,post_2017,607.0707441666667,4,16,1,1,1,18200.0,1
c17_Application_1281091470,post_2017,244.66191194444443,4,12,1,1,1,30000.0,1
c17_Application_1173149180,post_2017,731.4927855555557,4,10,1,0,1,5000.0,1
c12_190839,pre_2012,350.2835269444444,2,16,1,1,0,32000,1
c17_Application_433812613,post_2017,191.7916888888889,4,12,0,0,0,22000.0,0
c17_Application_827014222,post_2017,338.66814305555556,4,16,1,1,0,34000.0,1
c17_Application_2040501588,post_2017,189.39048499999998,4,12,0,0,0,0.0,0
c12_190011,pre_2012,512.8001044444444,4,28,0,1,0,18000,0
c12_192232,pre_2012,444.96061694444444,4,28,0,1,0,10000,0
c17_Application_639917037,post_2017,262.8497408333333,4,12,0,0,0,20000.0,0
c17_Application_1577276419,post_2017,0.18379666666666666,4,9,1,0,0,37500.0,1
c17_Application_667493808,post_2017,46.40229027777778,4,12,1,1,1,21000.0,1
c12_180938,pre_2012,742.2737097222222,2,12,1,1,1,50000,1
c17_Application_2085304191,post_2017,237.96790777777775,4,12,0,0,0,35000.0,0
c17_Application_2028522491,post_2017,288.5443216666667,4,12,0,0,0,6500.0,0
c17_Application_244480567,post_2017,1350.1014708333335,4,17,1,1,1,15000.0,1
c17_Application_1067848631,post_2017,20.128445833333334,4,9,1,0,0,7500.0,1
c17_Application_1577840586,post_2017,308.87398388888886,4,12,0,0,0,15000.0,0
c17_Application_238838990,post_2017,209.4254916666667,4,12,0,0,0,5000.0,0
c17_Application_621611593,post_2017,0.1189775,4,9,1,0,1,25500.0,1
c17_Application_910823018,post_2017,144.85591,4,12,0,0,0,26000.0,0
c12_194913,pre_2012,0.9170869444444444,2,6,1,1,0,20000,1
c17_Application_1941058447,post_2017,547.8137530555555,4,14,1,0,1,5000.0,1
c17_Application_1690998892,post_2017,1341.9834244444444,4,20,1,1,1,5000.0,1
c17_Application_1811493659,post_2017,24.980400555555555,4,9,1,0,1,8000.0,1
c17_Application_2074742722,post_2017,214.27330777777777,4,12,0,0,0,50000.0,0
c17_Application_1519996684,post_2017,309.9191488888889,4,14,1,0,0,10000.0,1
c17_Application_1107933452,post_2017,261.9926458333333,4,12,0,0,0,8000.0,0
c17_Application_482734996,post_2017,214.6824519444444,4,12,0,0,0,12000.0,0
c17_Application_1470270483,post_2017,389.31357055555554,4,25,1,1,0,61000.0,1
c17_Application_2120430232,post_2017,228.13583500000001,4,12,0,0,0,5000.0,0
c12_195719,pre_2012,343.8183538888889,4,31,0,1,0,5000,0
c17_Application_1871006480,post_2017,298.69010999999995,4,12,0,0,0,47500.0,0
c17_Application_800100457,post_2017,208.49630416666665,4,12,0,0,0,10000.0,0
c17_Application_267056796,post_2017,718.7828736111111,4,14,1,0,1,5000.0,1
c17_Application_1949325176,post_2017,240.80017833333332,4,12,0,0,0,15000.0,0
c12_200596,pre_2012,286.5907591666667,4,27,0,1,0,11000,0
c17_Application_96715065,post_2017,327.78967805555556,4,10,1,0,1,5000.0,1
c17_Application_286054641,post_2017,1349.9399372222222,4,20,1,1,1,15000.0,1
c17_Application_758636411,post_2017,266.6840061111111,4,12,0,0,0,25000.0,0
c12_176524,pre_2012,1.4882463888888888,2,8,1,1,0,12000,1
c17_Application_932083099,post_2017,232.76707416666667,4,12,0,0,0,68000.0,0
c17_Application_355337,post_2017,361.88322444444447,4,12,0,0,0,7500.0,0
c17_Application_161865777,post_2017,915.2446922222223,4,22,1,1,1,16000.0,1
c17_Application_980593207,post_2017,260.8108291666667,4,12,0,0,0,7000.0,0
c12_193738,pre_2012,219.40067888888888,4,22,0,1,0,5000,0
c17_Application_1270884238,post_2017,239.36109083333335,4,12,0,0,0,0.0,0
c17_Application_1755488383,post_2017,49.37437861111111,4,9,1,0,0,25000.0,1
c17_Application_610156903,post_2017,523.5380483333333,4,20,1,1,1,5000.0,1
c17_Application_202040744,post_2017,325.84783055555556,4,12,0,0,0,30000.0,0
c17_Application_232633748,post_2017,291.9067863888889,4,12,0,0,0,17500.0,0
c17_Application_850922930,post_2017,234.99698555555554,4,12,0,0,0,25000.0,0
c12_192596,pre_2012,115.59062722222221,2,13,1,1,0,10000,1
c17_Application_1811477366,post_2017,304.0941727777778,4,12,0,0,0,75000.0,0
c17_Application_614663134,post_2017,329.9090122222222,4,12,0,0,0,0.0,0
c17_Application_1959337414,post_2017,14.096060555555555,4,10,1,0,1,5000.0,1
c17_Application_2076523505,post_2017,144.37886611111114,4,12,0,0,0,10000.0,0
c17_Application_1726110813,post_2017,170.9139763888889,4,12,0,0,0,0.0,0
c17_Application_573254015,post_2017,39.07831111111111,4,9,1,0,1,15000.0,1
c17_Application_157322660,post_2017,668.5023091666667,4,15,1,1,1,0.0,1
c17_Application_1384376197,post_2017,254.5053038888889,4,12,0,0,0,37500.0,0
c17_Application_1183962979,post_2017,205.63345305555555,4,12,0,0,0,7200.0,0
c12_197363,pre_2012,65.8789513888889,2,13,1,1,0,10000,1
c17_Application_1860117960,post_2017,193.0813111111111,4,12,0,0,0,30000.0,0
c17_Application_1814448055,post_2017,285.17254388888887,4,12,0,0,0,0.0,0
c12_182780,pre_2012,0.35897749999999995,4,22,0,1,0,5000,0
c12_188056,pre_2012,0.10059277777777778,2,6,1,1,0,18862,1
c17_Application_632014630,post_2017,399.1893761111111,4,12,0,0,1,5000.0,1
c17_Application_1814221815,post_2017,213.42188027777777,4,12,0,0,0,20000.0,0
c17_Application_845210015,post_2017,692.3871430555555,4,16,1,1,1,0.0,1
c17_Application_2006713022,post_2017,765.2422622222222,4,16,1,1,1,10000.0,1
c12_178759,pre_2012,324.6487077777778,4,24,1,1,1,23000,1
c17_Application_1108553853,post_2017,243.87748055555556,4,12,0,0,0,5000.0,0
c17_Application_1049376478,post_2017,383.7475413888889,4,14,1,0,0,16000.0,1
c17_Application_238073987,post_2017,475.05350999999996,4,12,1,1,1,7100.0,1
c17_Application_1077798235,post_2017,330.3383733333333,4,12,0,0,0,5000.0,0
c17_Application_1896366046,post_2017,148.40845833333333,4,12,0,0,0,13750.0,0
c17_Application_290657757,post_2017,268.8828675,4,12,0,0,0,0.0,0
c17_Application_571889147,post_2017,69.11734805555557,4,9,1,0,0,5000.0,1
c17_Application_958544615,post_2017,752.8187197222222,4,23,1,1,1,25000.0,1
c12_191821,pre_2012,1272.9328541666666,4,61,1,1,1,12000,1
c12_174929,pre_2012,424.0074286111111,4,24,0,1,0,6000,0
c17_Application_2099068405,post_2017,110.65308222222224,4,12,1,1,1,15000.0,1
c17_Application_264327788,post_2017,162.8320152777778,4,12,0,0,0,0.0,0
c17_Application_874580041,post_2017,316.54088888888884,4,12,0,0,0,0.0,0
c17_Application_1458580558,post_2017,523.3466647222222,4,16,1,1,1,5000.0,1
c17_Application_2066996378,post_2017,887.4313613888888,4,19,1,1,1,8350.0,1
c17_Application_1076597906,post_2017,408.36286222222225,4,17,1,1,1,15000.0,1
c17_Application_489968350,post_2017,284.5907608333333,4,12,0,0,0,40000.0,0
c17_Application_1402039815,post_2017,266.06224305555554,4,12,0,0,0,10000.0,0
c17_Application_2095799235,post_2017,330.92737861111107,4,12,0,0,0,30000.0,0
c17_Application_1007340039,post_2017,515.0893736111111,4,19,1,1,1,38000.0,1
c17_Application_868295384,post_2017,406.271085,4,12,0,0,0,5000.0,0
c12_203919,pre_2012,0.00020611111111111112,2,3,1,0,0,50000,1
c17_Application_384277580,post_2017,297.3282113888889,4,12,0,0,0,23000.0,0
c12_177465,pre_2012,2978.4351747222227,4,80,1,1,1,36500,1
c17_Application_1509336603,post_2017,140.77843638888888,4,12,0,0,0,20000.0,0
c12_181166,pre_2012,0.1925527777777778,2,6,1,1,0,45000,1
c17_Application_1218176080,post_2017,1352.2125613888888,4,18,1,1,1,32500.0,1
c17_Application_2044085060,post_2017,263.7416441666667,4,12,0,0,0,0.0,0
c17_Application_837857224,post_2017,76.5721813888889,4,10,1,0,0,15788.0,1
c17_Application_1342057383,post_2017,283.1123402777778,4,12,0,0,0,20000.0,0
c12_185159,pre_2012,386.83578694444446,4,28,0,1,0,7000,0
c12_185255,pre_2012,469.7870991666667,4,28,0,1,0,30000,0
c12_176488,pre_2012,846.8416311111112,4,47,1,1,1,5000,1
c17_Application_850572981,post_2017,507.9982947222222,4,16,1,1,1,0.0,1
c17_Application_65402694,post_2017,236.9073225,4,12,0,0,0,15000.0,0
c12_182254,pre_2012,673.3260775000001,4,35,1,1,1,16500,1
c17_Application_678098874,post_2017,259.22910861111114,4,12,0,0,0,7500.0,0
c17_Application_733413800,post_2017,213.51827583333332,4,12,0,0,0,12000.0,0
c17_Application_1622174875,post_2017,312.28403138888893,4,16,1,1,1,19500.0,1
c12_213894,pre_2012,209.58515805555555,3,28,0,1,0,25000,0
c17_Application_801477852,post_2017,257.38192777777783,4,12,0,0,0,26500.0,0
c17_Application_151742199,post_2017,190.42101333333335,4,12,0,0,0,10000.0,0
c17_Application_927716121,post_2017,361.40645,4,12,0,0,0,60000.0,0
c17_Application_743574491,post_2017,193.50698500000001,4,12,0,0,0,0.0,0
c17_Application_1447256897,post_2017,368.18873999999994,4,13,1,0,1,5000.0,1
c17_Application_1018770495,post_2017,191.96595444444444,4,12,0,0,0,20000.0,0
c17_Application_257274630,post_2017,663.9352105555555,4,14,1,1,1,50000.0,1
c17_Application_1355560294,post_2017,215.52330750000002,4,12,0,0,0,0.0,0
c12_188368,pre_2012,452.07246083333337,4,22,0,1,0,20000,0
c12_207885,pre_2012,0.12161777777777778,2,6,1,1,0,10000,1
c12_174430,pre_2012,402.96437138888894,4,24,0,1,0,20000,0
c17_Application_1363339366,post_2017,232.59736222222222,4,13,1,0,1,42000.0,1
c17_Application_1690898290,post_2017,97.20628388888888,4,9,1,0,1,5000.0,1
c17_Application_1059555811,post_2017,490.53058944444444,4,19,1,1,1,75000.0,1
c17_Application_215669251,post_2017,189.3288613888889,4,12,0,0,0,15500.0,0
c17_Application_1469856555,post_2017,305.7280327777778,4,12,0,0,0,34000.0,0
c17_Application_254451121,post_2017,171.7849308333333,4,12,0,0,0,48000.0,0
c17_Application_1237030546,post_2017,506.42280805555555,4,17,1,1,1,10000.0,1
c17_Application_867632887,post_2017,234.40624472222223,4,13,0,0,0,10000.0,0
c17_Application_1004853526,post_2017,192.57770833333333,4,12,0,0,0,15000.0,0
c17_Application_439170487,post_2017,1309.7561133333334,4,20,1,1,1,0.0,1
c17_Application_471753482,post_2017,120.71501888888888,4,12,0,0,0,10000.0,0
c17_Application_1899352724,post_2017,762.2810525,4,17,1,1,1,5000.0,1
c17_Application_1160149760,post_2017,238.59757527777776,4,12,0,0,0,30000.0,0
c12_202029,pre_2012,445.2205486111111,4,22,0,1,0,3000,0
c17_Application_178269553,post_2017,1.3789169444444442,4,12,0,0,0,0.0,0
c17_Application_1552260266,post_2017,309.78136083333334,4,12,0,0,0,25000.0,0
c12_211444,pre_2012,455.7507219444444,4,32,0,1,0,40000,0
c17_Application_1738753926,post_2017,219.68918305555556,4,12,0,0,0,5000.0,0
c17_Application_1251803432,post_2017,332.00411555555553,4,13,0,0,0,45000.0,0
c17_Application_1241925732,post_2017,189.40793833333336,4,12,0,0,0,7000.0,0
c17_Application_1236739972,post_2017,551.7523372222223,4,14,1,0,0,12500.0,1
c17_Application_1611965107,post_2017,259.6807802777778,4,12,0,0,0,5000.0,0
c17_Application_316759044,post_2017,219.2185436111111,4,12,0,0,0,25000.0,0
c12_191308,pre_2012,741.4494791666667,2,17,1,1,1,1500,1
c17_Application_901395603,post_2017,289.1440538888889,4,12,0,0,0,7500.0,0
c17_Application_361904257,post_2017,912.3569783333334,4,16,1,1,1,12500.0,1
c12_197575,pre_2012,3.5833333333333335e-05,2,3,1,0,0,30000,1
c17_Application_332549605,post_2017,2540.421513333333,4,19,1,1,1,10000.0,1
c17_Application_634335471,post_2017,49.93689944444444,4,12,0,0,0,5000.0,0
c17_Application_1872763908,post_2017,312.8344941666667,4,12,0,0,0,6000.0,0
c17_Application_680037229,post_2017,183.47818194444443,4,12,0,0,0,10000.0,0
c17_Application_1667206692,post_2017,334.07189111111114,4,12,1,0,1,15000.0,1
c17_Application_326714383,post_2017,266.0797763888889,4,12,0,0,0,8500.0,0
c17_Application_1579703336,post_2017,1090.2057047222222,4,26,1,1,1,25000.0,1
c17_Application_955500524,post_2017,183.24628277777776,4,12,0,0,0,10000.0,0
c17_Application_1359020658,post_2017,520.9748322222222,4,18,1,1,1,15000.0,1
c12_212166,pre_2012,306.64840305555555,1,33,0,1,0,15000,0
c17_Application_834965493,post_2017,77.77305277777778,4,12,0,0,0,10000.0,0
c17_Application_1424010136,post_2017,304.2036388888889,4,12,0,0,0,30000.0,0
c17_Application_1521565902,post_2017,343.04734472222225,4,12,0,0,0,40000.0,0
c17_Application_872571226,post_2017,264.42164111111106,4,12,0,0,0,12500.0,0
c17_Application_1947299550,post_2017,331.60580944444445,4,16,1,1,1,16000.0,1
c17_Application_1909308694,post_2017,186.2526441666667,4,12,0,0,0,7500.0,0
c17_Application_519596393,post_2017,18.764670555555558,4,9,1,0,0,7000.0,1
c17_Application_1874833508,post_2017,31.877614722222223,4,9,1,0,0,35000.0,1
c17_Application_1052164642,post_2017,162.80184694444446,4,12,0,0,0,13000.0,0
c17_Application_458947293,post_2017,206.9364961111111,4,12,0,0,0,7500.0,0
c17_Application_1473658754,post_2017,112.90061416666666,4,12,0,0,0,25000.0,0
c12_200862,pre_2012,0.4925525,2,6,1,1,0,7500,1
c12_173916,pre_2012,17.555543611111112,3,10,1,1,1,2500,1
c12_182708,pre_2012,218.0664811111111,4,21,1,1,0,40000,1
